label	xPos	yPos	vote	north	
0	84.21	-86.79	0	0	
1	84.21	-86.79	-0.334732	0	
2	84.21	-86.79	0.220493	0	
3	84.21	-86.79	-0.522376	0	
4	84.21	-86.79	2.35296	0	
5	84.21	-86.79	0.534808	0	
6	84.21	-86.79	0.22186	0	
7	84.21	-86.79	-0.589343	0	
8	84.21	-86.79	-0.566813	0	
9	84.21	-86.79	-0.180622	0	
10	84.21	-86.79	0.280269	0	
11	84.21	-86.79	0.222684	0	
12	84.21	-86.79	-0.585095	0	
13	84.21	-86.79	-1.67453	0	
14	84.21	-86.79	-0.473363	0	
15	84.21	-86.79	-0.556595	0	
16	84.21	-86.79	0.245752	0	
17	84.21	-86.79	-0.279581	0	
18	84.21	-86.79	-0.369838	0	
19	84.21	-86.79	-0.154264	0	
20	84.21	-86.79	-0.297708	0	
21	84.21	-86.79	-0.450384	0	
22	84.21	-86.79	-0.375899	0	
23	84.21	-86.79	2.29006	0	
24	84.21	-86.79	-0.386802	0	
25	84.21	-86.79	-0.39277	0	
26	84.21	-86.79	-0.196165	0	
27	84.21	-86.79	-0.86301	0	
28	84.21	-86.79	-0.463195	0	
29	84.21	-86.79	-0.448425	0	
30	84.21	-86.4528	-0.477676	0.131525	
31	84.21	-86.4528	0.108971	0.131525	
32	84.21	-86.4528	0.0907829	0.131525	
33	84.21	-86.4528	0.154381	0.131525	
34	84.21	-86.4528	-0.729328	0.131525	
35	84.21	-86.4528	-0.523108	0.131525	
36	84.21	-86.4528	-0.623017	0.131525	
37	84.21	-86.4528	0.136693	0.131525	
38	84.21	-86.4528	-1.29383	0.131525	
39	84.21	-86.4528	-0.586145	0.131525	
40	84.21	-86.4528	2.20083	0.131525	
41	84.21	-86.4528	0.339696	0.131525	
42	84.21	-86.4528	-0.809716	0.131525	
43	84.21	-86.4528	-0.610278	0.131525	
44	84.21	-86.4528	-1.28814	0.131525	
45	84.21	-86.4528	-0.120401	0.131525	
46	84.21	-86.4528	-0.769198	0.131525	
47	84.21	-86.4528	-1.8513	0.131525	
48	84.21	-86.4528	0.685744	0.131525	
49	84.2101	-83.6946	-0.934274	0.150675	
50	84.2101	-83.6946	0.512304	0.150675	
51	84.2101	-83.6946	0.505105	0.150675	
52	84.2101	-83.6946	0.514531	0.150675	
53	84.2101	-83.6946	-1.59785	0.150675	
54	84.2101	-83.6946	0.447374	0.150675	
55	84.2101	-83.6946	0.524274	0.150675	
56	84.2101	-83.6946	-0.871553	0.150675	
57	84.2101	-83.6946	-0.871838	0.150675	
58	84.2101	-83.6946	-0.632076	0.150675	
59	84.2101	-83.6946	-1.60361	0.150675	
60	84.2101	-83.6946	0.491043	0.150675	
61	84.2101	-83.6946	0.404472	0.150675	
62	84.2101	-83.6946	-0.32396	0.150675	
63	84.2101	-83.6946	-2.20012	0.150675	
64	84.2101	-83.6946	0.188375	0.150675	
65	84.2101	-83.6946	0.380371	0.150675	
66	84.2101	-83.6946	-0.997166	0.150675	
67	84.2101	-83.6946	-0.705813	0.150675	
68	84.2101	-83.6946	-0.809108	0.150675	
69	84.2101	-83.6946	-0.796611	0.150675	
70	84.2101	-83.6946	-0.9471	0.150675	
71	84.2101	-83.6946	0.591485	0.150675	
72	84.2101	-83.6946	0.71955	0.150675	
73	84.2081	-81.0304	0.659698	0.157645	
74	84.2081	-81.0304	-1.91081	0.157645	
75	84.2081	-81.0304	1.86669	0.157645	
76	84.2081	-81.0304	0.732806	0.157645	
77	84.2081	-81.0304	0.250415	0.157645	
78	84.2081	-81.0304	1.74167	0.157645	
79	84.2081	-81.0304	1.8876	0.157645	
80	84.2081	-81.0304	-1.11206	0.157645	
81	84.2081	-81.0304	1.92833	0.157645	
82	84.2081	-81.0304	1.74953	0.157645	
83	84.2081	-81.0304	1.91984	0.157645	
84	84.2081	-81.0304	-0.75532	0.157645	
85	84.2081	-81.0304	-1.14251	0.157645	
86	84.2081	-81.0304	0.600081	0.157645	
87	84.2081	-81.0304	0.250344	0.157645	
88	84.2081	-81.0304	-0.358045	0.157645	
89	84.2081	-81.0304	0.884566	0.157645	
90	84.2081	-81.0304	-1.21086	0.157645	
91	84.2081	-81.0304	-0.929944	0.157645	
92	84.2081	-81.0304	0.915429	0.157645	
93	84.2081	-81.0304	0.549972	0.157645	
94	84.2081	-81.0304	-0.911926	0.157645	
95	84.2081	-81.0304	0.093746	0.157645	
96	84.2081	-81.0304	-2.46298	0.157645	
97	84.2081	-81.0304	-1.14264	0.157645	
98	84.2081	-81.0304	1.93806	0.157645	
99	84.2081	-81.0304	-0.362449	0.157645	
100	84.2081	-81.0304	0.554096	0.157645	
101	84.2081	-81.0304	-0.365126	0.157645	
102	84.2081	-81.0304	0.727505	0.157645	
103	83.8684	-78.2904	0.919735	0.152072	
104	83.8684	-78.2904	-2.18938	0.152072	
105	83.8684	-78.2904	2.53663	0.152072	
106	83.8684	-78.2904	2.54503	0.152072	
107	83.8684	-78.2904	-0.252727	0.152072	
108	83.8684	-78.2904	-1.79707	0.152072	
109	83.8684	-78.2904	-1.19069	0.152072	
110	83.8684	-78.2904	1.05008	0.152072	
111	83.8684	-78.2904	-0.340272	0.152072	
112	83.8684	-78.2904	2.55112	0.152072	
113	83.8684	-78.2904	-1.59726	0.152072	
114	83.8684	-78.2904	0.257316	0.152072	
115	83.8684	-78.2904	0.330229	0.152072	
116	83.8684	-78.2904	1.10395	0.152072	
117	83.8684	-78.2904	-0.266102	0.152072	
118	83.8684	-78.2904	-0.353707	0.152072	
119	83.8684	-78.2904	0.653164	0.152072	
120	83.8684	-78.2904	-2.62248	0.152072	
121	83.8684	-78.2904	0.330765	0.152072	
122	83.8684	-78.2904	-0.447865	0.152072	
123	83.8684	-78.2904	-1.77908	0.152072	
124	83.8684	-78.2904	0.666289	0.152072	
125	83.8684	-78.2904	0.156443	0.152072	
126	83.8684	-78.2904	1.29882	0.152072	
127	83.8684	-78.2904	-0.440321	0.152072	
128	83.8684	-78.2904	-0.884072	0.152072	
129	83.8684	-78.2904	0.805902	0.152072	
130	83.8684	-78.2904	0.245805	0.152072	
131	83.8684	-78.2904	-0.125395	0.152072	
132	83.8684	-78.2904	2.503	0.152072	
133	82.3384	-75.9046	1.77993	0.204712	
134	82.3384	-75.9046	-2.37643	0.204712	
135	82.3384	-75.9046	1.1395	0.204712	
136	82.3384	-75.9046	1.55482	0.204712	
137	82.3384	-75.9046	-2.22787	0.204712	
138	82.3384	-75.9046	-0.146078	0.204712	
139	82.3384	-75.9046	-0.442707	0.204712	
140	82.3384	-75.9046	1.11252	0.204712	
141	82.3384	-75.9046	-1.55703	0.204712	
142	82.3384	-75.9046	1.55652	0.204712	
143	82.3384	-75.9046	-2.45895	0.204712	
144	82.3384	-75.9046	1.12048	0.204712	
145	82.3384	-75.9046	1.35166	0.204712	
146	82.3384	-75.9046	1.42526	0.204712	
147	82.3384	-75.9046	1.3452	0.204712	
148	82.3384	-75.9046	1.11916	0.204712	
149	82.3384	-75.9046	-2.43987	0.204712	
150	82.3384	-75.9046	0.880506	0.204712	
151	82.3384	-75.9046	0.173328	0.204712	
152	82.3384	-75.9046	0.0315922	0.204712	
153	82.3384	-75.9046	-0.226006	0.204712	
154	82.3384	-75.9046	0.275465	0.204712	
155	82.3384	-75.9046	-2.44098	0.204712	
156	82.3384	-75.9046	1.80219	0.204712	
157	82.3384	-75.9046	0.674415	0.204712	
158	82.3384	-75.9046	-0.443639	0.204712	
159	82.3384	-75.9046	0.27367	0.204712	
160	82.3384	-75.9046	-1.9704	0.204712	
161	82.3384	-75.9046	-0.443599	0.204712	
162	82.3384	-75.9046	0.819646	0.204712	
163	80.2412	-73.8127	-3.13106	0.21197	
164	80.2412	-73.8127	-2.43326	0.21197	
165	80.2412	-73.8127	-1.57762	0.21197	
166	80.2412	-73.8127	-2.535	0.21197	
167	80.2412	-73.8127	2.37473	0.21197	
168	80.2412	-73.8127	-0.645062	0.21197	
169	80.2412	-73.8127	-2.36493	0.21197	
170	80.2412	-73.8127	1.98117	0.21197	
171	80.2412	-73.8127	1.57626	0.21197	
172	80.2412	-73.8127	2.0406	0.21197	
173	80.2412	-73.8127	2.0499	0.21197	
174	80.2412	-73.8127	2.03278	0.21197	
175	80.2412	-73.8127	-0.85507	0.21197	
176	80.2412	-73.8127	0.936616	0.21197	
177	80.2412	-73.8127	0.00239139	0.21197	
178	80.2412	-73.8127	-0.264113	0.21197	
179	80.2412	-73.8127	-1.58577	0.21197	
180	80.2412	-73.8127	-0.689298	0.21197	
181	80.2412	-73.8127	-0.538822	0.21197	
182	80.2412	-73.8127	-0.371361	0.21197	
183	80.2412	-73.8127	1.73458	0.21197	
184	80.2412	-73.8127	-1.18707	0.21197	
185	80.2412	-73.8127	-0.207625	0.21197	
186	80.2412	-73.8127	2.35006	0.21197	
187	80.2412	-73.8127	1.57212	0.21197	
188	80.2412	-73.8127	-0.642307	0.21197	
189	80.2412	-73.8127	-2.47157	0.21197	
190	80.2412	-73.8127	2.78904	0.21197	
191	80.2412	-73.8127	-0.024965	0.21197	
192	80.2412	-73.8127	-0.691706	0.21197	
193	77.4631	-72.943	1.98655	0.297407	
194	77.4631	-72.943	2.4201	0.297407	
195	77.4631	-72.943	-2.47497	0.297407	
196	77.4631	-72.943	-0.955439	0.297407	
197	77.4631	-72.943	2.74468	0.297407	
198	77.4631	-72.943	-0.494764	0.297407	
199	77.4631	-72.943	2.73207	0.297407	
200	77.4631	-72.943	-1.55514	0.297407	
201	77.4631	-72.943	-1.22362	0.297407	
202	77.4631	-72.943	0.838558	0.297407	
203	77.4631	-72.943	2.07291	0.297407	
204	77.4631	-72.943	-2.51872	0.297407	
205	77.4631	-72.943	2.27713	0.297407	
206	77.4631	-72.943	2.23641	0.297407	
207	77.4631	-72.943	-1.10916	0.297407	
208	77.4631	-72.943	-1.04001	0.297407	
209	77.4631	-72.943	-2.48014	0.297407	
210	77.4631	-72.943	-0.729487	0.297407	
211	77.4631	-72.943	-0.72625	0.297407	
212	77.4631	-72.943	-2.46111	0.297407	
213	77.4631	-72.943	-1.9038	0.297407	
214	77.4631	-72.943	-1.82859	0.297407	
215	77.4631	-72.943	2.69153	0.297407	
216	77.4631	-72.943	2.14115	0.297407	
217	77.4631	-72.943	-0.989145	0.297407	
218	77.4631	-72.943	2.05875	0.297407	
219	77.4631	-72.943	2.47056	0.297407	
220	77.4631	-72.943	-0.960347	0.297407	
221	77.4631	-72.943	-0.741393	0.297407	
222	77.4631	-72.943	-0.988648	0.297407	
223	74.579	-71.7373	2.0816	0.292608	
224	74.579	-71.7373	-2.9137	0.292608	
225	74.579	-71.7373	-2.919	0.292608	
226	74.579	-71.7373	0.858386	0.292608	
227	74.579	-71.7373	-1.75097	0.292608	
228	74.579	-71.7373	-2.92723	0.292608	
229	74.579	-71.7373	-1.01787	0.292608	
230	74.579	-71.7373	-2.45067	0.292608	
231	74.579	-71.7373	-2.90552	0.292608	
232	74.579	-71.7373	0.854478	0.292608	
233	74.579	-71.7373	-3.25574	0.292608	
234	74.579	-71.7373	-2.01191	0.292608	
235	74.579	-71.7373	-1.89287	0.292608	
236	74.579	-71.7373	-1.89217	0.292608	
237	74.579	-71.7373	-3.03076	0.292608	
238	74.579	-71.7373	-2.43777	0.292608	
239	74.579	-71.7373	-3.18668	0.292608	
240	74.579	-71.7373	-1.49772	0.292608	
241	74.579	-71.7373	1.17781	0.292608	
242	74.579	-71.7373	-0.285133	0.292608	
243	74.579	-71.7373	-0.265364	0.292608	
244	74.579	-71.7373	-1.46445	0.292608	
245	74.579	-71.7373	-1.38367	0.292608	
246	74.579	-71.7373	-1.57785	0.292608	
247	74.579	-71.7373	-0.988305	0.292608	
248	74.579	-71.7373	-0.721923	0.292608	
249	74.579	-71.7373	-0.377583	0.292608	
250	74.579	-71.7373	-0.649712	0.292608	
251	74.579	-71.7373	-2.94497	0.292608	
252	74.579	-71.7373	-0.220411	0.292608	
253	71.5814	-71.406	-2.63384	0.381192	
254	71.5814	-71.406	2.11442	0.381192	
255	71.5814	-71.406	-2.77629	0.381192	
256	71.5814	-71.406	-2.73064	0.381192	
257	71.5814	-71.406	-1.90591	0.381192	
258	71.5814	-71.406	0.67841	0.381192	
259	71.5814	-71.406	-0.0186322	0.381192	
260	71.5814	-71.406	-2.47375	0.381192	
261	71.5814	-71.406	-1.7113	0.381192	
262	71.5814	-71.406	-2.04223	0.381192	
263	71.5814	-71.406	-2.81183	0.381192	
264	71.5814	-71.406	-2.01687	0.381192	
265	71.5814	-71.406	-1.65734	0.381192	
266	71.5814	-71.406	-0.991224	0.381192	
267	71.5814	-71.406	-0.85264	0.381192	
268	71.5814	-71.406	-1.63861	0.381192	
269	71.5814	-71.406	0.986498	0.381192	
270	71.5814	-71.406	0.774128	0.381192	
271	71.5814	-71.406	-2.48792	0.381192	
272	71.5814	-71.406	0.537117	0.381192	
273	71.5814	-71.406	-0.957542	0.381192	
274	71.5814	-71.406	-1.35408	0.381192	
275	71.5814	-71.406	-2.11479	0.381192	
276	71.5814	-71.406	-1.90619	0.381192	
277	71.5814	-71.406	0.952693	0.381192	
278	71.5814	-71.406	-2.81953	0.381192	
279	71.5814	-71.406	-0.756789	0.381192	
280	71.5814	-71.406	-2.41296	0.381192	
281	71.5814	-71.406	-1.65796	0.381192	
282	71.5814	-71.406	-1.84042	0.381192	
283	69.0076	-69.8143	-2.63334	0.398183	
284	69.0076	-69.8143	-3.36374	0.398183	
285	69.0076	-69.8143	-2.03562	0.398183	
286	69.0076	-69.8143	-2.50457	0.398183	
287	69.0076	-69.8143	-2.76185	0.398183	
288	69.0076	-69.8143	-2.14187	0.398183	
289	69.0076	-69.8143	-0.695724	0.398183	
290	69.0076	-69.8143	-2.5178	0.398183	
291	69.0076	-69.8143	1.00598	0.398183	
292	69.0076	-69.8143	0.0780882	0.398183	
293	69.0076	-69.8143	-2.15529	0.398183	
294	69.0076	-69.8143	-2.13656	0.398183	
295	69.0076	-69.8143	-0.698026	0.398183	
296	69.0076	-69.8143	-1.97401	0.398183	
297	69.0076	-69.8143	-2.70628	0.398183	
298	69.0076	-69.8143	-1.97267	0.398183	
299	69.0076	-69.8143	0.681689	0.398183	
300	69.0076	-69.8143	0.815608	0.398183	
301	69.0076	-69.8143	-1.82354	0.398183	
302	69.0076	-69.8143	-2.13763	0.398183	
303	69.0076	-69.8143	-3.09463	0.398183	
304	69.0076	-69.8143	0.961515	0.398183	
305	69.0076	-69.8143	0.613465	0.398183	
306	69.0076	-69.8143	-2.03411	0.398183	
307	69.0076	-69.8143	-1.93287	0.398183	
308	69.0076	-69.8143	0.703171	0.398183	
309	69.0076	-69.8143	-2.21107	0.398183	
310	69.0076	-69.8143	0.320222	0.398183	
311	69.0076	-69.8143	0.651645	0.398183	
312	69.0076	-69.8143	-2.45189	0.398183	
313	66.0289	-69.4528	-2.47969	0.357498	
314	66.0289	-69.4528	-2.01592	0.357498	
315	66.0289	-69.4528	-2.42963	0.357498	
316	66.0289	-69.4528	-2.54473	0.357498	
317	66.0289	-69.4528	-2.5099	0.357498	
318	66.0289	-69.4528	-2.59041	0.357498	
319	66.0289	-69.4528	-2.43992	0.357498	
320	66.0289	-69.4528	-2.66608	0.357498	
321	66.0289	-69.4528	-0.598794	0.357498	
322	66.0289	-69.4528	-1.48689	0.357498	
323	66.0289	-69.4528	-2.74032	0.357498	
324	66.0289	-69.4528	-1.43127	0.357498	
325	66.0289	-69.4528	0.852444	0.357498	
326	66.0289	-69.4528	-2.58816	0.357498	
327	66.0289	-69.4528	-0.611972	0.357498	
328	66.0289	-69.4528	-2.37952	0.357498	
329	66.0289	-69.4528	-1.93934	0.357498	
330	66.0289	-69.4528	-1.56141	0.357498	
331	66.0289	-69.4528	-1.56678	0.357498	
332	66.0289	-69.4528	-2.19151	0.357498	
333	66.0289	-69.4528	-2.01602	0.357498	
334	66.0289	-69.4528	-1.55259	0.357498	
335	66.0289	-69.4528	-0.868241	0.357498	
336	66.0289	-69.4528	0.987086	0.357498	
337	66.0289	-69.4528	0.548714	0.357498	
338	63.1039	-69.4528	-2.37036	0.333374	
339	63.1039	-69.4528	-2.81633	0.333374	
340	63.1039	-69.4528	-2.42258	0.333374	
341	63.1039	-69.4528	0.367311	0.333374	
342	63.1039	-69.4528	-1.23202	0.333374	
343	63.1039	-69.4528	-2.33585	0.333374	
344	63.1039	-69.4528	-2.45723	0.333374	
345	63.1039	-69.4528	-2.07679	0.333374	
346	63.1039	-69.4528	-1.94005	0.333374	
347	63.1039	-69.4528	-1.67821	0.333374	
348	63.1039	-69.4528	0.483011	0.333374	
349	63.1039	-69.4528	-1.67801	0.333374	
350	63.1039	-69.4528	-2.62684	0.333374	
351	63.1039	-69.4528	-2.74287	0.333374	
352	63.1039	-69.4528	0.102361	0.333374	
353	63.1039	-69.4528	-2.32112	0.333374	
354	63.1039	-69.4528	-1.98825	0.333374	
355	63.1039	-69.4528	0.110917	0.333374	
356	63.1039	-69.4528	1.22542	0.333374	
357	63.1039	-69.4528	0.111149	0.333374	
358	63.1039	-69.4528	-0.335861	0.333374	
359	63.1039	-69.4528	-1.40439	0.333374	
360	63.1039	-69.4528	-1.16576	0.333374	
361	63.1039	-69.4528	-0.303737	0.333374	
362	60.224	-69.4528	-2.70629	0.39597	
363	60.224	-69.4528	0.99117	0.39597	
364	60.224	-69.4528	-1.47407	0.39597	
365	60.224	-69.4528	-2.62513	0.39597	
366	60.224	-69.4528	-1.82037	0.39597	
367	60.224	-69.4528	-1.64027	0.39597	
368	60.224	-69.4528	-1.06124	0.39597	
369	60.224	-69.4528	-2.02408	0.39597	
370	60.224	-69.4528	0.990161	0.39597	
371	60.224	-69.4528	-1.05509	0.39597	
372	60.224	-69.4528	-2.41754	0.39597	
373	60.224	-69.4528	-2.32719	0.39597	
374	60.224	-69.4528	-2.32928	0.39597	
375	60.224	-69.4528	0.522448	0.39597	
376	60.224	-69.4528	-1.04514	0.39597	
377	60.224	-69.4528	-2.40052	0.39597	
378	60.224	-69.4528	-0.748474	0.39597	
379	60.224	-69.4528	0.716939	0.39597	
380	60.224	-69.4528	-1.79516	0.39597	
381	60.224	-69.4528	-2.66306	0.39597	
382	60.224	-69.4528	-1.74208	0.39597	
383	60.224	-69.4528	-1.05856	0.39597	
384	60.224	-69.4528	-1.46955	0.39597	
385	57.299	-69.4528	-2.27129	0.297651	
386	57.299	-69.4528	-0.0979625	0.297651	
387	57.299	-69.4528	-2.01769	0.297651	
388	57.299	-69.4528	1.07445	0.297651	
389	57.299	-69.4528	-2.31091	0.297651	
390	57.299	-69.4528	0.128022	0.297651	
391	57.299	-69.4528	-1.69117	0.297651	
392	57.299	-69.4528	-1.69347	0.297651	
393	57.299	-69.4528	-1.61559	0.297651	
394	57.299	-69.4528	-2.18851	0.297651	
395	57.299	-69.4528	-1.91266	0.297651	
396	57.299	-69.4528	-2.18144	0.297651	
397	57.299	-69.4528	-1.31092	0.297651	
398	57.299	-69.4528	-1.61317	0.297651	
399	57.299	-69.4528	-1.31619	0.297651	
400	57.299	-69.4528	-2.31813	0.297651	
401	57.299	-69.4528	-0.665437	0.297651	
402	57.299	-69.4528	-1.78349	0.297651	
403	57.299	-69.4528	-1.16325	0.297651	
404	57.299	-69.4528	-2.0833	0.297651	
405	57.299	-69.4528	-1.53677	0.297651	
406	57.299	-69.4528	-1.53368	0.297651	
407	57.299	-69.4528	-1.70492	0.297651	
408	57.299	-69.4528	-2.26321	0.297651	
409	57.299	-69.4528	0.634476	0.297651	
410	57.299	-69.4528	1.25248	0.297651	
411	57.299	-69.4528	1.2645	0.297651	
412	57.299	-69.4528	-1.45685	0.297651	
413	57.299	-69.4528	-1.27862	0.297651	
414	57.299	-69.4528	-2.2485	0.297651	
415	54.4665	-69.4189	-0.736079	0.269337	
416	54.4665	-69.4189	1.09026	0.269337	
417	54.4665	-69.4189	-1.45217	0.269337	
418	54.4665	-69.4189	-2.12601	0.269337	
419	54.4665	-69.4189	-2.13248	0.269337	
420	54.4665	-69.4189	0.96689	0.269337	
421	54.4665	-69.4189	-1.731	0.269337	
422	54.4665	-69.4189	-1.44748	0.269337	
423	54.4665	-69.4189	-1.80568	0.269337	
424	54.4665	-69.4189	0.820183	0.269337	
425	54.4665	-69.4189	0.139893	0.269337	
426	54.4665	-69.4189	-0.480951	0.269337	
427	54.4665	-69.4189	-2.04583	0.269337	
428	54.4665	-69.4189	-1.84456	0.269337	
429	54.4665	-69.4189	0.547076	0.269337	
430	54.4665	-69.4189	0.120908	0.269337	
431	54.4665	-69.4189	-0.470737	0.269337	
432	54.4665	-69.4189	-1.64631	0.269337	
433	54.4665	-69.4189	1.29966	0.269337	
434	54.4665	-69.4189	1.04387	0.269337	
435	54.4665	-69.4189	0.389291	0.269337	
436	54.4665	-69.4189	-1.51981	0.269337	
437	54.4665	-69.4189	1.3446	0.269337	
438	54.4665	-69.4189	2.53054	0.269337	
439	54.4665	-69.4189	-2.00467	0.269337	
440	54.4665	-69.4189	-2.01456	0.269337	
441	54.4665	-69.4189	1.1987	0.269337	
442	51.6439	-69.3196	-2.10494	0.260964	
443	51.6439	-69.3196	-1.97547	0.260964	
444	51.6439	-69.3196	0.893124	0.260964	
445	51.6439	-69.3196	-1.88689	0.260964	
446	51.6439	-69.3196	-0.694734	0.260964	
447	51.6439	-69.3196	1.07515	0.260964	
448	51.6439	-69.3196	0.903314	0.260964	
449	51.6439	-69.3196	1.36468	0.260964	
450	51.6439	-69.3196	-0.622577	0.260964	
451	51.6439	-69.3196	-1.24029	0.260964	
452	51.6439	-69.3196	-0.297881	0.260964	
453	51.6439	-69.3196	-1.28622	0.260964	
454	51.6439	-69.3196	-1.25244	0.260964	
455	51.6439	-69.3196	-1.27773	0.260964	
456	51.6439	-69.3196	0.662938	0.260964	
457	51.6439	-69.3196	-2.08922	0.260964	
458	51.6439	-69.3196	-1.84831	0.260964	
459	51.6439	-69.3196	-1.85624	0.260964	
460	51.6439	-69.3196	1.29751	0.260964	
461	51.6439	-69.3196	1.30235	0.260964	
462	51.6439	-69.3196	0.818503	0.260964	
463	51.6439	-69.3196	-0.560238	0.260964	
464	51.6439	-69.3196	1.31605	0.260964	
465	51.6439	-69.3196	1.36963	0.260964	
466	51.6439	-69.3196	-1.82178	0.260964	
467	51.6439	-69.3196	-2.0295	0.260964	
468	51.6439	-69.3196	2.61621	0.260964	
469	51.6439	-69.3196	2.65417	0.260964	
470	51.6439	-69.3196	-1.54767	0.260964	
471	51.6439	-69.3196	1.19267	0.260964	
472	48.7639	-69.3196	-2.03977	0.234816	
473	48.7639	-69.3196	0.374642	0.234816	
474	48.7639	-69.3196	-1.48984	0.234816	
475	48.7639	-69.3196	-1.94652	0.234816	
476	48.7639	-69.3196	-0.334188	0.234816	
477	48.7639	-69.3196	0.774814	0.234816	
478	48.7639	-69.3196	-0.561117	0.234816	
479	48.7639	-69.3196	-0.581588	0.234816	
480	48.7639	-69.3196	1.27993	0.234816	
481	48.7639	-69.3196	-1.87115	0.234816	
482	48.7639	-69.3196	-1.86661	0.234816	
483	48.7639	-69.3196	1.40758	0.234816	
484	48.7639	-69.3196	-1.8789	0.234816	
485	48.7639	-69.3196	-1.63348	0.234816	
486	48.7639	-69.3196	-1.09757	0.234816	
487	48.7639	-69.3196	-1.83695	0.234816	
488	48.7639	-69.3196	0.983947	0.234816	
489	48.7639	-69.3196	0.642868	0.234816	
490	48.7639	-69.3196	1.3434	0.234816	
491	48.7639	-69.3196	-1.47533	0.234816	
492	48.7639	-69.3196	1.42622	0.234816	
493	48.7639	-69.3196	-1.39113	0.234816	
494	48.7639	-69.3196	1.3812	0.234816	
495	48.7639	-69.3196	-1.47555	0.234816	
496	48.7639	-69.3196	1.58155	0.234816	
497	48.7639	-69.3196	-2.0344	0.234816	
498	48.7639	-69.3196	-1.82901	0.234816	
499	48.7639	-69.3196	-1.02465	0.234816	
500	48.7639	-69.3196	1.03925	0.234816	
501	48.7639	-69.3196	1.57802	0.234816	
502	45.9739	-69.3196	-0.343357	0.269324	
503	45.9739	-69.3196	-1.97558	0.269324	
504	45.9739	-69.3196	-1.89396	0.269324	
505	45.9739	-69.3196	-1.63714	0.269324	
506	45.9739	-69.3196	0.573251	0.269324	
507	45.9739	-69.3196	0.861479	0.269324	
508	45.9739	-69.3196	1.39503	0.269324	
509	45.9739	-69.3196	-0.0604141	0.269324	
510	45.9739	-69.3196	-1.87865	0.269324	
511	45.9739	-69.3196	-1.41682	0.269324	
512	45.9739	-69.3196	1.3859	0.269324	
513	45.9739	-69.3196	-1.91188	0.269324	
514	45.9739	-69.3196	0.157232	0.269324	
515	45.9739	-69.3196	-1.57512	0.269324	
516	45.9739	-69.3196	-1.59437	0.269324	
517	45.9739	-69.3196	-1.94404	0.269324	
518	45.9739	-69.3196	-1.26959	0.269324	
519	45.9739	-69.3196	1.30153	0.269324	
520	45.9739	-69.3196	-0.514529	0.269324	
521	45.9739	-69.3196	1.1738	0.269324	
522	45.9739	-69.3196	1.01669	0.269324	
523	45.9739	-69.3196	-0.0317982	0.269324	
524	43.094	-69.3196	-1.58862	0.159866	
525	43.094	-69.3196	-0.934174	0.159866	
526	43.094	-69.3196	-1.86459	0.159866	
527	43.094	-69.3196	0.0301989	0.159866	
528	43.094	-69.3196	-1.79435	0.159866	
529	43.094	-69.3196	0.171735	0.159866	
530	43.094	-69.3196	1.35702	0.159866	
531	43.094	-69.3196	-0.754392	0.159866	
532	43.094	-69.3196	-1.60902	0.159866	
533	43.094	-69.3196	-1.62246	0.159866	
534	43.094	-69.3196	2.36128	0.159866	
535	43.094	-69.3196	1.52543	0.159866	
536	43.094	-69.3196	-0.574408	0.159866	
537	43.094	-69.3196	-1.02375	0.159866	
538	43.094	-69.3196	0.470901	0.159866	
539	43.094	-69.3196	2.37472	0.159866	
540	43.094	-69.3196	-1.98363	0.159866	
541	43.094	-69.3196	-1.80478	0.159866	
542	43.094	-69.3196	1.37222	0.159866	
543	43.094	-69.3196	-1.00038	0.159866	
544	43.094	-69.3196	-1.01265	0.159866	
545	43.094	-69.3196	0.940383	0.159866	
546	43.094	-69.3196	-0.266723	0.159866	
547	43.094	-69.3196	0.100885	0.159866	
548	43.094	-69.3196	0.680751	0.159866	
549	43.094	-69.3196	0.877748	0.159866	
550	40.3515	-69.6208	-0.621779	0.226719	
551	40.3515	-69.6208	-0.848723	0.226719	
552	40.3515	-69.6208	-1.84849	0.226719	
553	40.3515	-69.6208	1.28281	0.226719	
554	40.3515	-69.6208	-1.69883	0.226719	
555	40.3515	-69.6208	2.83326	0.226719	
556	40.3515	-69.6208	-1.98751	0.226719	
557	40.3515	-69.6208	-3.28425	0.226719	
558	40.3515	-69.6208	-0.388348	0.226719	
559	40.3515	-69.6208	-0.355714	0.226719	
560	40.3515	-69.6208	-3.2539	0.226719	
561	40.3515	-69.6208	-1.15082	0.226719	
562	40.3515	-69.6208	-1.43072	0.226719	
563	40.3515	-69.6208	1.35854	0.226719	
564	40.3515	-69.6208	-3.24975	0.226719	
565	40.3515	-69.6208	-1.83203	0.226719	
566	40.3515	-69.6208	-0.706785	0.226719	
567	40.3515	-69.6208	0.0544571	0.226719	
568	40.3515	-69.6208	1.18555	0.226719	
569	40.3515	-69.6208	1.24628	0.226719	
570	40.3515	-69.6208	-0.713143	0.226719	
571	40.3515	-69.6208	1.34112	0.226719	
572	40.3515	-69.6208	-0.879078	0.226719	
573	37.6065	-69.6208	1.23867	0.203216	
574	37.6065	-69.6208	-3.01774	0.203216	
575	37.6065	-69.6208	-3.05052	0.203216	
576	37.6065	-69.6208	-1.89528	0.203216	
577	37.6065	-69.6208	-2.99936	0.203216	
578	37.6065	-69.6208	-3.0407	0.203216	
579	37.6065	-69.6208	-2.97511	0.203216	
580	37.6065	-69.6208	-3.00964	0.203216	
581	37.6065	-69.6208	-1.94361	0.203216	
582	37.6065	-69.6208	-1.1037	0.203216	
583	37.6065	-69.6208	0.151866	0.203216	
584	37.6065	-69.6208	-1.82546	0.203216	
585	37.6065	-69.6208	-1.69868	0.203216	
586	37.6065	-69.6208	0.0482147	0.203216	
587	37.6065	-69.6208	0.087247	0.203216	
588	37.6065	-69.6208	-3.06895	0.203216	
589	37.6065	-69.6208	1.22537	0.203216	
590	37.6065	-69.6208	-1.39252	0.203216	
591	37.6065	-69.6208	-1.70586	0.203216	
592	37.6065	-69.6208	-3.03639	0.203216	
593	37.6065	-69.6208	-1.00216	0.203216	
594	37.6065	-69.6208	-2.45125	0.203216	
595	37.6065	-69.6208	-1.15852	0.203216	
596	37.6065	-69.6208	-1.84034	0.203216	
597	37.6065	-69.6208	-3.05421	0.203216	
598	34.9004	-69.8912	-0.0715285	0.0873525	
599	34.9004	-69.8912	1.32553	0.0873524	
600	34.9004	-69.8912	-0.328131	0.0873525	
601	34.9004	-69.8912	-1.58822	0.0873525	
602	34.9004	-69.8912	-0.102886	0.0873525	
603	34.9004	-69.8912	-1.70491	0.0873525	
604	34.9004	-69.8912	1.31357	0.0873525	
605	34.9004	-69.8912	-0.0385575	0.0873525	
606	34.9004	-69.8912	-0.0384742	0.0873525	
607	34.9004	-69.8912	-1.36623	0.0873525	
608	34.9004	-69.8912	-0.408814	0.0873525	
609	34.9004	-69.8912	-2.41274	0.0873525	
610	34.9004	-69.8912	-0.119464	0.0873525	
611	34.9004	-69.8912	1.38479	0.0873525	
612	34.9004	-69.8912	-0.0369121	0.0873525	
613	34.9004	-69.8912	1.62951	0.0873525	
614	34.9004	-69.8912	1.48258	0.0873525	
615	34.9004	-69.8912	-1.74429	0.0873525	
616	34.9004	-69.8912	-0.459551	0.0873525	
617	34.9004	-69.8912	-1.03145	0.0873525	
618	34.9004	-69.8912	-0.402129	0.0873525	
619	34.9004	-69.8912	1.04282	0.0873525	
620	34.9004	-69.8912	-1.4656	0.0873525	
621	34.9004	-69.8912	-1.31282	0.0873525	
622	34.9004	-69.8912	-1.58738	0.0873525	
623	34.9004	-69.8912	1.49584	0.0873525	
624	32.2436	-70.1728	1.34138	0.149226	
625	32.2436	-70.1728	-0.211263	0.149226	
626	32.2436	-70.1728	-2.11831	0.149226	
627	32.2436	-70.1728	1.34227	0.149226	
628	32.2436	-70.1728	-0.279845	0.149226	
629	32.2436	-70.1728	-1.6537	0.149226	
630	32.2436	-70.1728	-0.309123	0.149226	
631	32.2436	-70.1728	-1.82685	0.149226	
632	32.2436	-70.1728	-0.28431	0.149226	
633	32.2436	-70.1728	-1.48135	0.149226	
634	32.2436	-70.1728	1.30859	0.149226	
635	32.2436	-70.1728	-0.278927	0.149226	
636	32.2436	-70.1728	1.2043	0.149226	
637	32.2436	-70.1728	-2.11365	0.149226	
638	32.2436	-70.1728	-0.933731	0.149226	
639	32.2436	-70.1728	-0.646696	0.149226	
640	32.2436	-70.1728	-0.320668	0.149226	
641	32.2436	-70.1728	-1.80082	0.149226	
642	32.2436	-70.1728	0.686615	0.149226	
643	32.2436	-70.1728	-0.902681	0.149226	
644	32.2436	-70.1728	1.57856	0.149226	
645	32.2436	-70.1728	1.09793	0.149226	
646	32.2436	-70.1728	-1.77666	0.149226	
647	32.2436	-70.1728	1.09355	0.149226	
648	32.2436	-70.1728	-0.024581	0.149226	
649	29.6225	-70.5605	-0.984819	0.0459315	
650	29.6225	-70.5605	1.42712	0.0459315	
651	29.6225	-70.5605	1.42577	0.0459315	
652	29.6225	-70.5605	1.39191	0.0459315	
653	29.6225	-70.5605	-1.55259	0.0459315	
654	29.6225	-70.5605	-1.65573	0.0459315	
655	29.6225	-70.5605	1.22973	0.0459315	
656	29.6225	-70.5605	-0.823034	0.0459315	
657	29.6225	-70.5605	0.193095	0.0459315	
658	29.6225	-70.5605	0.340428	0.0459315	
659	29.6225	-70.5605	-1.70519	0.0459315	
660	29.6225	-70.5605	-1.39377	0.0459315	
661	29.6225	-70.5605	1.22081	0.0459315	
662	29.6225	-70.5605	1.52147	0.0459315	
663	29.6225	-70.5605	-1.56018	0.0459315	
664	29.6225	-70.5605	1.39784	0.0459315	
665	29.6225	-70.5605	0.199327	0.0459315	
666	29.6225	-70.5605	-0.604593	0.0459315	
667	29.6225	-70.5605	-1.45985	0.0459315	
668	29.6225	-70.5605	1.82146	0.0459315	
669	29.6225	-70.5605	1.37823	0.0459315	
670	29.6225	-70.5605	-1.0075	0.0459315	
671	29.6225	-70.5605	-1.64091	0.0459315	
672	29.6225	-70.5605	-1.66747	0.0459315	
673	29.6225	-70.5605	-1.71551	0.0459315	
674	29.6225	-70.5605	1.01166	0.0459315	
675	29.6225	-70.5605	1.54312	0.0459315	
676	29.6225	-70.5605	-1.46324	0.0459315	
677	29.6225	-70.5605	-0.600227	0.0459315	
678	29.6225	-70.5605	-1.09129	0.0459315	
679	27.0266	-71.1441	1.40295	-0.00500595	
680	27.0266	-71.1441	1.44279	-0.00500595	
681	27.0266	-71.1441	1.45218	-0.00500595	
682	27.0266	-71.1441	-1.59614	-0.00500595	
683	27.0266	-71.1441	-0.927332	-0.00500595	
684	27.0266	-71.1441	-1.07507	-0.00500595	
685	27.0266	-71.1441	-1.49496	-0.00500595	
686	27.0266	-71.1441	-0.933747	-0.00500595	
687	27.0266	-71.1441	0.200671	-0.00500595	
688	27.0266	-71.1441	0.655845	-0.00500595	
689	27.0266	-71.1441	0.602291	-0.00500595	
690	27.0266	-71.1441	-1.69275	-0.00500595	
691	27.0266	-71.1441	1.40663	-0.00500595	
692	27.0266	-71.1441	-0.902963	-0.00500595	
693	27.0266	-71.1441	-1.0704	-0.00500595	
694	27.0266	-71.1441	-1.50285	-0.00500595	
695	27.0266	-71.1441	-0.816084	-0.00500595	
696	27.0266	-71.1441	-1.69094	-0.00500595	
697	27.0266	-71.1441	-0.3019	-0.00500595	
698	27.0266	-71.1441	0.210762	-0.00500595	
699	27.0266	-71.1441	1.16848	-0.00500595	
700	27.0266	-71.1441	0.0534471	-0.00500595	
701	27.0266	-71.1441	-1.60732	-0.00500595	
702	27.0266	-71.1441	1.43775	-0.00500595	
703	27.0266	-71.1441	1.28079	-0.00500595	
704	24.3267	-71.1441	1.43553	-0.0556995	
705	24.3267	-71.1441	-1.10681	-0.0556995	
706	24.3267	-71.1441	1.15696	-0.0556995	
707	24.3267	-71.1441	-1.54643	-0.0556995	
708	24.3267	-71.1441	-0.820969	-0.0556995	
709	24.3267	-71.1441	0.16945	-0.0556995	
710	24.3267	-71.1441	1.42224	-0.0556995	
711	24.3267	-71.1441	1.56797	-0.0556995	
712	24.3267	-71.1441	-1.14067	-0.0556995	
713	24.3267	-71.1441	1.45514	-0.0556995	
714	24.3267	-71.1441	0.587256	-0.0556995	
715	24.3267	-71.1441	-1.2243	-0.0556995	
716	24.3267	-71.1441	0.56515	-0.0556995	
717	24.3267	-71.1441	-0.39081	-0.0556995	
718	24.3267	-71.1441	-1.13949	-0.0556995	
719	24.3267	-71.1441	-0.151513	-0.0556995	
720	24.3267	-71.1441	-1.46468	-0.0556995	
721	24.3267	-71.1441	3.02153	-0.0556995	
722	24.3267	-71.1441	-0.576964	-0.0556995	
723	24.3267	-71.1441	-1.3866	-0.0556995	
724	24.3267	-71.1441	-0.127348	-0.0556995	
725	24.3267	-71.1441	1.34722	-0.0556995	
726	24.3267	-71.1441	-0.821578	-0.0556995	
727	24.3267	-71.1441	-0.921545	-0.0556995	
728	24.3267	-71.1441	0.212574	-0.0556995	
729	24.3267	-71.1441	-1.09647	-0.0556995	
730	21.5938	-71.2409	1.52568	-0.114458	
731	21.5938	-71.2409	1.52524	-0.114458	
732	21.5938	-71.2409	1.44019	-0.114458	
733	21.5938	-71.2409	1.46141	-0.114458	
734	21.5938	-71.2409	0.942563	-0.114458	
735	21.5938	-71.2409	-1.48811	-0.114458	
736	21.5938	-71.2409	-0.670329	-0.114458	
737	21.5938	-71.2409	-1.40775	-0.114458	
738	21.5938	-71.2409	0.919186	-0.114458	
739	21.5938	-71.2409	1.17538	-0.114458	
740	21.5938	-71.2409	-1.56287	-0.114458	
741	21.5938	-71.2409	-0.670696	-0.114458	
742	21.5938	-71.2409	1.13505	-0.114458	
743	21.5938	-71.2409	-1.22867	-0.114458	
744	21.5938	-71.2409	-0.895652	-0.114458	
745	21.5938	-71.2409	1.64231	-0.114458	
746	21.5938	-71.2409	-1.00054	-0.114458	
747	21.5938	-71.2409	1.14417	-0.114458	
748	21.5938	-71.2409	-1.40261	-0.114458	
749	21.5938	-71.2409	-0.743933	-0.114458	
750	21.5938	-71.2409	0.666579	-0.114458	
751	21.5938	-71.2409	-0.517919	-0.114458	
752	21.5938	-71.2409	-2.76816	-0.114458	
753	21.5938	-71.2409	-1.00002	-0.114458	
754	21.5938	-71.2409	0.929604	-0.114458	
755	21.5938	-71.2409	-1.34332	-0.114458	
756	21.5938	-71.2409	1.5583	-0.114458	
757	21.5938	-71.2409	-1.00127	-0.114458	
758	21.5938	-71.2409	1.14098	-0.114458	
759	21.5938	-71.2409	0.0953034	-0.114458	
760	18.9709	-71.4334	1.5599	-0.268074	
761	18.9709	-71.4334	1.51535	-0.268074	
762	18.9709	-71.4334	1.47313	-0.268074	
763	18.9709	-71.4334	1.60236	-0.268074	
764	18.9709	-71.4334	0.721368	-0.268074	
765	18.9709	-71.4334	0.412312	-0.268074	
766	18.9709	-71.4334	0.863174	-0.268074	
767	18.9709	-71.4334	1.52264	-0.268074	
768	18.9709	-71.4334	-1.47432	-0.268074	
769	18.9709	-71.4334	1.77575	-0.268074	
770	18.9709	-71.4334	-1.33323	-0.268074	
771	18.9709	-71.4334	1.15013	-0.268074	
772	18.9709	-71.4334	-1.11234	-0.268074	
773	18.9709	-71.4334	-2.42598	-0.268074	
774	18.9709	-71.4334	1.28436	-0.268074	
775	18.9709	-71.4334	0.458006	-0.268074	
776	18.9709	-71.4334	0.931006	-0.268074	
777	18.9709	-71.4334	1.31837	-0.268074	
778	18.9709	-71.4334	-0.28658	-0.268074	
779	18.9709	-71.4334	-1.26039	-0.268074	
780	18.9709	-71.4334	0.930677	-0.268074	
781	18.9709	-71.4334	0.807505	-0.268074	
782	18.9709	-71.4334	-0.791634	-0.268074	
783	18.9709	-71.4334	1.22576	-0.268074	
784	18.9709	-71.4334	1.79442	-0.268074	
785	18.9709	-71.4334	0.627172	-0.268074	
786	18.9709	-71.4334	1.6296	-0.268074	
787	18.9709	-71.4334	-1.04842	-0.268074	
788	18.9709	-71.4334	1.6767	-0.268074	
789	18.9709	-71.4334	-0.667071	-0.268074	
790	16.3615	-71.7295	1.52511	-0.333574	
791	16.3615	-71.7295	1.47418	-0.333574	
792	16.3615	-71.7295	1.5674	-0.333574	
793	16.3615	-71.7295	1.43916	-0.333574	
794	16.3615	-71.7295	1.41032	-0.333574	
795	16.3615	-71.7295	1.52692	-0.333574	
796	16.3615	-71.7295	0.630931	-0.333574	
797	16.3615	-71.7295	1.07522	-0.333574	
798	16.3615	-71.7295	0.137987	-0.333574	
799	16.3615	-71.7295	-0.834934	-0.333574	
800	16.3615	-71.7295	1.82823	-0.333574	
801	16.3615	-71.7295	-0.811815	-0.333574	
802	16.3615	-71.7295	0.820235	-0.333574	
803	16.3615	-71.7295	0.0627861	-0.333574	
804	16.3615	-71.7295	0.152074	-0.333574	
805	16.3615	-71.7295	0.475371	-0.333574	
806	16.3615	-71.7295	1.18572	-0.333574	
807	16.3615	-71.7295	1.25404	-0.333574	
808	16.3615	-71.7295	1.64955	-0.333574	
809	16.3615	-71.7295	0.950835	-0.333574	
810	16.3615	-71.7295	-0.701948	-0.333574	
811	16.3615	-71.7295	0.432952	-0.333574	
812	16.3615	-71.7295	0.234337	-0.333574	
813	16.3615	-71.7295	0.163596	-0.333574	
814	16.3615	-71.7295	0.950406	-0.333574	
815	13.884	-72.1978	1.37575	-0.38789	
816	13.884	-72.1978	1.45038	-0.38789	
817	13.884	-72.1978	1.30291	-0.38789	
818	13.884	-72.1978	1.01023	-0.38789	
819	13.884	-72.1978	-0.862153	-0.38789	
820	13.884	-72.1978	0.656795	-0.38789	
821	13.884	-72.1978	0.474721	-0.38789	
822	13.884	-72.1978	1.14982	-0.38789	
823	13.884	-72.1978	1.51908	-0.38789	
824	13.884	-72.1978	-0.33665	-0.38789	
825	13.884	-72.1978	1.03859	-0.38789	
826	13.884	-72.1978	0.121085	-0.38789	
827	13.884	-72.1978	0.819656	-0.38789	
828	13.884	-72.1978	-0.0580845	-0.38789	
829	13.884	-72.1978	-0.530023	-0.38789	
830	13.884	-72.1978	0.427131	-0.38789	
831	13.884	-72.1978	1.19192	-0.38789	
832	13.884	-72.1978	-1.5066	-0.38789	
833	13.884	-72.1978	1.87586	-0.38789	
834	13.884	-72.1978	1.75586	-0.38789	
835	13.884	-72.1978	0.452679	-0.38789	
836	13.884	-72.1978	-1.47947	-0.38789	
837	13.884	-72.1978	-0.834274	-0.38789	
838	13.884	-72.1978	-0.322816	-0.38789	
839	13.884	-72.1978	0.424132	-0.38789	
840	13.884	-72.1978	0.511917	-0.38789	
841	13.884	-72.1978	-0.167858	-0.38789	
842	13.884	-72.1978	-0.750441	-0.38789	
843	13.884	-72.1978	1.62925	-0.38789	
844	13.884	-72.1978	-1.59549	-0.38789	
845	11.1345	-72.6607	0.975794	-0.425075	
846	11.1345	-72.6607	0.8859	-0.425075	
847	11.1345	-72.6607	-0.881617	-0.425075	
848	11.1345	-72.6607	-1.39245	-0.425075	
849	11.1345	-72.6607	0.809299	-0.425075	
850	11.1345	-72.6607	-1.55315	-0.425075	
851	11.1345	-72.6607	0.346624	-0.425075	
852	11.1345	-72.6607	0.800434	-0.425075	
853	11.1345	-72.6607	0.302028	-0.425075	
854	11.1345	-72.6607	0.315134	-0.425075	
855	11.1345	-72.6607	1.38826	-0.425075	
856	11.1345	-72.6607	-1.55219	-0.425075	
857	11.1345	-72.6607	0.0754567	-0.425075	
858	11.1345	-72.6607	1.92325	-0.425075	
859	11.1345	-72.6607	-0.0639201	-0.425075	
860	11.1345	-72.6607	-0.205907	-0.425075	
861	11.1345	-72.6607	-0.674141	-0.425075	
862	11.1345	-72.6607	1.38377	-0.425075	
863	11.1345	-72.6607	1.9004	-0.425075	
864	11.1345	-72.6607	0.0600525	-0.425075	
865	11.1345	-72.6607	1.73969	-0.425075	
866	11.1345	-72.6607	1.89636	-0.425075	
867	11.1345	-72.6607	0.376836	-0.425075	
868	11.1345	-72.6607	0.233023	-0.425075	
869	11.1345	-72.6607	-1.36436	-0.425075	
870	11.1345	-72.6607	1.47064	-0.425075	
871	11.1345	-72.6607	-1.46104	-0.425075	
872	11.1345	-72.6607	1.81026	-0.425075	
873	8.60858	-72.9328	0.418785	-0.530913	
874	8.60858	-72.9328	-0.132044	-0.530913	
875	8.60858	-72.9328	-0.133368	-0.530913	
876	8.60858	-72.9328	0.585912	-0.530913	
877	8.60858	-72.9328	-1.33959	-0.530913	
878	8.60858	-72.9328	-0.818978	-0.530913	
879	8.60858	-72.9328	0.356455	-0.530913	
880	8.60858	-72.9328	0.348464	-0.530913	
881	8.60858	-72.9328	-0.134469	-0.530913	
882	8.60858	-72.9328	-1.36688	-0.530913	
883	8.60858	-72.9328	-0.0750781	-0.530913	
884	8.60858	-72.9328	2.01996	-0.530913	
885	8.60858	-72.9328	1.99373	-0.530913	
886	8.60858	-72.9328	-1.24132	-0.530913	
887	8.60858	-72.9328	-0.0506983	-0.530913	
888	8.60858	-72.9328	0.485788	-0.530913	
889	8.60858	-72.9328	1.98795	-0.530913	
890	8.60858	-72.9328	-0.748742	-0.530913	
891	8.60858	-72.9328	-0.742166	-0.530913	
892	8.60858	-72.9328	-0.183046	-0.530913	
893	8.60858	-72.9328	-1.23592	-0.530913	
894	8.60858	-72.9328	-0.886242	-0.530913	
895	8.60858	-72.9328	-0.881003	-0.530913	
896	8.60858	-72.9328	-0.673355	-0.530913	
897	8.60858	-72.9328	-0.879416	-0.530913	
898	6.0983	-73.0169	-0.578666	-0.409062	
899	6.0983	-73.0169	0.295838	-0.409062	
900	6.0983	-73.0169	-0.287222	-0.409062	
901	6.0983	-73.0169	0.298112	-0.409062	
902	6.0983	-73.0169	1.89767	-0.409062	
903	6.0983	-73.0169	-0.216371	-0.409062	
904	6.0983	-73.0169	0.289945	-0.409062	
905	6.0983	-73.0169	-0.0727323	-0.409062	
906	6.0983	-73.0169	0.229226	-0.409062	
907	6.0983	-73.0169	0.114928	-0.409062	
908	6.0983	-73.0169	-0.261363	-0.409062	
909	6.0983	-73.0169	-0.488886	-0.409062	
910	6.0983	-73.0169	-1.34179	-0.409062	
911	6.0983	-73.0169	-1.33935	-0.409062	
912	6.0983	-73.0169	0.113563	-0.409062	
913	6.0983	-73.0169	0.114566	-0.409062	
914	6.0983	-73.0169	-0.675066	-0.409062	
915	6.0983	-73.0169	-0.352735	-0.409062	
916	6.0983	-73.0169	-1.33587	-0.409062	
917	6.0983	-73.0169	-1.11816	-0.409062	
918	6.0983	-73.0169	2.34252	-0.409062	
919	6.0983	-73.0169	-1.32331	-0.409062	
920	6.0983	-73.0169	-0.360452	-0.409062	
921	6.0983	-73.0169	-1.02041	-0.409062	
922	6.0983	-73.0169	0.172056	-0.409062	
923	3.46386	-73.3537	-0.676053	-0.465032	
924	3.46386	-73.3537	-0.529452	-0.465032	
925	3.46386	-73.3537	-1.32899	-0.465032	
926	3.46386	-73.3537	1.8356	-0.465032	
927	3.46386	-73.3537	0.168547	-0.465032	
928	3.46386	-73.3537	-0.0660641	-0.465032	
929	3.46386	-73.3537	-0.588747	-0.465032	
930	3.46386	-73.3537	-0.45987	-0.465032	
931	3.46386	-73.3537	-0.600587	-0.465032	
932	3.46386	-73.3537	1.90002	-0.465032	
933	3.46386	-73.3537	-0.470893	-0.465032	
934	3.46386	-73.3537	1.94202	-0.465032	
935	3.46386	-73.3537	1.94479	-0.465032	
936	3.46386	-73.3537	-0.342872	-0.465032	
937	3.46386	-73.3537	0.188774	-0.465032	
938	3.46386	-73.3537	-0.891096	-0.465032	
939	3.46386	-73.3537	-0.284226	-0.465032	
940	3.46386	-73.3537	0.609832	-0.465032	
941	3.46386	-73.3537	1.89084	-0.465032	
942	3.46386	-73.3537	-0.53251	-0.465032	
943	3.46386	-73.3537	-0.314643	-0.465032	
944	3.46386	-73.3537	0.101891	-0.465032	
945	3.46386	-73.3537	-0.602801	-0.465032	
946	3.46386	-73.3537	1.37153	-0.465032	
947	3.46386	-73.3537	1.61327	-0.465032	
948	3.46386	-73.3537	1.62924	-0.465032	
949	3.46386	-73.3537	-0.399639	-0.465032	
950	3.46386	-73.3537	2.334	-0.465032	
951	3.46386	-73.3537	1.47636	-0.465032	
952	3.46386	-73.3537	1.68945	-0.465032	
953	0.943891	-73.3537	-0.721344	-0.450103	
954	0.943891	-73.3537	-0.268737	-0.450103	
955	0.943891	-73.3537	1.87235	-0.450103	
956	0.943891	-73.3537	1.94096	-0.450103	
957	0.943891	-73.3537	-0.503472	-0.450103	
958	0.943891	-73.3537	-0.67653	-0.450103	
959	0.943891	-73.3537	1.55081	-0.450103	
960	0.943891	-73.3537	-0.560455	-0.450103	
961	0.943891	-73.3537	1.92298	-0.450103	
962	0.943891	-73.3537	-0.667529	-0.450103	
963	0.943891	-73.3537	-0.710793	-0.450103	
964	0.943891	-73.3537	-0.940376	-0.450103	
965	0.943891	-73.3537	-0.638266	-0.450103	
966	0.943891	-73.3537	-0.0298176	-0.450103	
967	0.943891	-73.3537	-0.380814	-0.450103	
968	0.943891	-73.3537	1.4772	-0.450103	
969	0.943891	-73.3537	1.60293	-0.450103	
970	0.943891	-73.3537	1.485	-0.450103	
971	0.943891	-73.3537	1.8723	-0.450103	
972	0.943891	-73.3537	-0.350604	-0.450103	
973	0.943891	-73.3537	0.868085	-0.450103	
974	0.943891	-73.3537	1.60965	-0.450103	
975	0.943891	-73.3537	-0.0103999	-0.450103	
976	-1.53905	-73.4087	0.43197	-0.360451	
977	-1.53905	-73.4087	-1.40213	-0.360451	
978	-1.53905	-73.4087	1.64597	-0.360451	
979	-1.53905	-73.4087	-0.909655	-0.360451	
980	-1.53905	-73.4087	1.65062	-0.360451	
981	-1.53905	-73.4087	1.26178	-0.360451	
982	-1.53905	-73.4087	1.82725	-0.360451	
983	-1.53905	-73.4087	-0.874579	-0.360451	
984	-1.53905	-73.4087	-0.515452	-0.360451	
985	-1.53905	-73.4087	-0.726524	-0.360451	
986	-1.53905	-73.4087	-0.776257	-0.360451	
987	-1.53905	-73.4087	-1.12452	-0.360451	
988	-1.53905	-73.4087	-0.901013	-0.360451	
989	-1.53905	-73.4087	0.463262	-0.360451	
990	-1.53905	-73.4087	1.68707	-0.360451	
991	-1.53905	-73.4087	0.478942	-0.360451	
992	-1.53905	-73.4087	2.01067	-0.360451	
993	-1.53905	-73.4087	-0.852723	-0.360451	
994	-1.53905	-73.4087	-0.825418	-0.360451	
995	-1.53905	-73.4087	-0.614735	-0.360451	
996	-1.53905	-73.4087	0.0519508	-0.360451	
997	-1.53905	-73.4087	1.36795	-0.360451	
998	-1.53905	-73.4087	-0.673411	-0.360451	
999	-1.53905	-73.4087	1.38874	-0.360451	
1000	-1.53905	-73.4087	1.4	-0.360451	
1001	-1.53905	-73.4087	-1.33184	-0.360451	
1002	-1.53905	-73.4087	-0.827321	-0.360451	
1003	-1.53905	-73.4087	1.7705	-0.360451	
1004	-1.53905	-73.4087	-1.05478	-0.360451	
1005	-1.53905	-73.4087	1.76246	-0.360451	
1006	-4.11062	-73.9914	-1.31579	-0.416256	
1007	-4.11062	-73.9914	1.45294	-0.416256	
1008	-4.11062	-73.9914	-0.62781	-0.416256	
1009	-4.11062	-73.9914	-0.166374	-0.416256	
1010	-4.11062	-73.9914	-0.122679	-0.416256	
1011	-4.11062	-73.9914	1.51907	-0.416256	
1012	-4.11062	-73.9914	-0.8124	-0.416256	
1013	-4.11062	-73.9914	-2.56654	-0.416256	
1014	-4.11062	-73.9914	3.21267	-0.416256	
1015	-4.11062	-73.9914	-1.06491	-0.416256	
1016	-4.11062	-73.9914	-0.85961	-0.416256	
1017	-4.11062	-73.9914	1.13742	-0.416256	
1018	-4.11062	-73.9914	-0.811981	-0.416256	
1019	-4.11062	-73.9914	-1.52086	-0.416256	
1020	-4.11062	-73.9914	-1.04635	-0.416256	
1021	-4.11062	-73.9914	-0.809448	-0.416256	
1022	-4.11062	-73.9914	1.09314	-0.416256	
1023	-4.11062	-73.9914	-0.334008	-0.416256	
1024	-4.11062	-73.9914	-2.27953	-0.416256	
1025	-4.11062	-73.9914	1.48957	-0.416256	
1026	-4.11062	-73.9914	-0.344767	-0.416256	
1027	-4.11062	-73.9914	-0.692427	-0.416256	
1028	-4.11062	-73.9914	-1.25339	-0.416256	
1029	-4.11062	-73.9914	0.781334	-0.416256	
1030	-4.11062	-73.9914	-0.22028	-0.416256	
1031	-4.11062	-73.9914	1.06002	-0.416256	
1032	-6.54485	-74.4464	-0.924421	-0.398962	
1033	-6.54485	-74.4464	-0.78073	-0.398962	
1034	-6.54485	-74.4464	1.81017	-0.398962	
1035	-6.54485	-74.4464	-1.31138	-0.398962	
1036	-6.54485	-74.4464	-0.786625	-0.398962	
1037	-6.54485	-74.4464	-0.731885	-0.398962	
1038	-6.54485	-74.4464	-0.217788	-0.398962	
1039	-6.54485	-74.4464	2.03601	-0.398962	
1040	-6.54485	-74.4464	-0.600721	-0.398962	
1041	-6.54485	-74.4464	-1.07007	-0.398962	
1042	-6.54485	-74.4464	1.41225	-0.398962	
1043	-6.54485	-74.4464	-0.906761	-0.398962	
1044	-6.54485	-74.4464	-1.32208	-0.398962	
1045	-6.54485	-74.4464	-0.881546	-0.398962	
1046	-6.54485	-74.4464	-0.871693	-0.398962	
1047	-6.54485	-74.4464	1.16171	-0.398962	
1048	-6.54485	-74.4464	1.01175	-0.398962	
1049	-6.54485	-74.4464	0.122853	-0.398962	
1050	-6.54485	-74.4464	0.461532	-0.398962	
1051	-6.54485	-74.4464	-0.0818278	-0.398962	
1052	-6.54485	-74.4464	0.427944	-0.398962	
1053	-6.54485	-74.4464	1.30326	-0.398962	
1054	-6.54485	-74.4464	1.86533	-0.398962	
1055	-6.54485	-74.4464	0.0301268	-0.398962	
1056	-9.26701	-74.5977	-0.788687	-0.48143	
1057	-9.26701	-74.5977	1.87574	-0.48143	
1058	-9.26701	-74.5977	-0.882884	-0.48143	
1059	-9.26701	-74.5977	-0.626885	-0.48143	
1060	-9.26701	-74.5977	2.05596	-0.48143	
1061	-9.26701	-74.5977	0.619738	-0.48143	
1062	-9.26701	-74.5977	0.534173	-0.48143	
1063	-9.26701	-74.5977	-0.819286	-0.48143	
1064	-9.26701	-74.5977	-0.485942	-0.48143	
1065	-9.26701	-74.5977	-1.08385	-0.48143	
1066	-9.26701	-74.5977	-0.130841	-0.48143	
1067	-9.26701	-74.5977	-0.312567	-0.48143	
1068	-9.26701	-74.5977	-1.22744	-0.48143	
1069	-9.26701	-74.5977	-0.110869	-0.48143	
1070	-9.26701	-74.5977	1.22936	-0.48143	
1071	-9.26701	-74.5977	-0.83809	-0.48143	
1072	-9.26701	-74.5977	-0.439082	-0.48143	
1073	-9.26701	-74.5977	0.033884	-0.48143	
1074	-9.26701	-74.5977	-0.365983	-0.48143	
1075	-9.26701	-74.5977	-0.363896	-0.48143	
1076	-9.26701	-74.5977	1.21352	-0.48143	
1077	-9.26701	-74.5977	1.52393	-0.48143	
1078	-9.26701	-74.5977	0.233051	-0.48143	
1079	-9.26701	-74.5977	-0.425399	-0.48143	
1080	-9.26701	-74.5977	-0.842509	-0.48143	
1081	-9.26701	-74.5977	-0.830974	-0.48143	
1082	-9.26701	-74.5977	-0.67868	-0.48143	
1083	-9.26701	-74.5977	-1.00383	-0.48143	
1084	-9.26701	-74.5977	2.14909	-0.48143	
1085	-9.26701	-74.5977	1.36892	-0.48143	
1086	-11.7158	-74.7615	-0.797693	-0.519192	
1087	-11.7158	-74.7615	1.88463	-0.519192	
1088	-11.7158	-74.7615	-0.813876	-0.519192	
1089	-11.7158	-74.7615	1.87717	-0.519192	
1090	-11.7158	-74.7615	-0.412462	-0.519192	
1091	-11.7158	-74.7615	-0.516402	-0.519192	
1092	-11.7158	-74.7615	-0.611469	-0.519192	
1093	-11.7158	-74.7615	-0.832601	-0.519192	
1094	-11.7158	-74.7615	-0.354362	-0.519192	
1095	-11.7158	-74.7615	-0.588659	-0.519192	
1096	-11.7158	-74.7615	-0.829875	-0.519192	
1097	-11.7158	-74.7615	0.0302916	-0.519192	
1098	-11.7158	-74.7615	-0.585272	-0.519192	
1099	-11.7158	-74.7615	1.4261	-0.519192	
1100	-11.7158	-74.7615	1.96732	-0.519192	
1101	-11.7158	-74.7615	-0.230072	-0.519192	
1102	-11.7158	-74.7615	0.78806	-0.519192	
1103	-11.7158	-74.7615	2.01356	-0.519192	
1104	-11.7158	-74.7615	-0.974654	-0.519192	
1105	-11.7158	-74.7615	1.71887	-0.519192	
1106	-11.7158	-74.7615	1.82614	-0.519192	
1107	-11.7158	-74.7615	0.776229	-0.519192	
1108	-11.7158	-74.7615	-1.17795	-0.519192	
1109	-11.7158	-74.7615	-0.303319	-0.519192	
1110	-11.7158	-74.7615	1.69789	-0.519192	
1111	-11.7158	-74.7615	-0.987063	-0.519192	
1112	-14.2962	-75.1754	2.21677	-0.519878	
1113	-14.2962	-75.1754	-0.502616	-0.519878	
1114	-14.2962	-75.1754	1.8164	-0.519878	
1115	-14.2962	-75.1754	-0.851527	-0.519878	
1116	-14.2962	-75.1754	-0.503197	-0.519878	
1117	-14.2962	-75.1754	-0.830309	-0.519878	
1118	-14.2962	-75.1754	1.82227	-0.519878	
1119	-14.2962	-75.1754	1.77379	-0.519878	
1120	-14.2962	-75.1754	1.56105	-0.519878	
1121	-14.2962	-75.1754	2.11932	-0.519878	
1122	-14.2962	-75.1754	2.19694	-0.519878	
1123	-14.2962	-75.1754	-0.883238	-0.519878	
1124	-14.2962	-75.1754	1.55274	-0.519878	
1125	-14.2962	-75.1754	-1.05022	-0.519878	
1126	-14.2962	-75.1754	-0.313198	-0.519878	
1127	-14.2962	-75.1754	0.817495	-0.519878	
1128	-14.2962	-75.1754	1.84445	-0.519878	
1129	-14.2962	-75.1754	-0.831805	-0.519878	
1130	-14.2962	-75.1754	-0.507567	-0.519878	
1131	-14.2962	-75.1754	-0.307603	-0.519878	
1132	-14.2962	-75.1754	-0.852938	-0.519878	
1133	-14.2962	-75.1754	-0.458235	-0.519878	
1134	-14.2962	-75.1754	-0.199381	-0.519878	
1135	-14.2962	-75.1754	1.70105	-0.519878	
1136	-17.0418	-75.65	-0.606388	-0.562049	
1137	-17.0418	-75.65	2.27247	-0.562049	
1138	-17.0418	-75.65	1.30235	-0.562049	
1139	-17.0418	-75.65	1.24899	-0.562049	
1140	-17.0418	-75.65	-0.818224	-0.562049	
1141	-17.0418	-75.65	1.76918	-0.562049	
1142	-17.0418	-75.65	1.15313	-0.562049	
1143	-17.0418	-75.65	-0.802524	-0.562049	
1144	-17.0418	-75.65	1.41623	-0.562049	
1145	-17.0418	-75.65	1.12894	-0.562049	
1146	-17.0418	-75.65	1.45798	-0.562049	
1147	-17.0418	-75.65	-0.809507	-0.562049	
1148	-17.0418	-75.65	1.19366	-0.562049	
1149	-17.0418	-75.65	1.12715	-0.562049	
1150	-17.0418	-75.65	2.10801	-0.562049	
1151	-17.0418	-75.65	1.7907	-0.562049	
1152	-17.0418	-75.65	2.09904	-0.562049	
1153	-17.0418	-75.65	1.22158	-0.562049	
1154	-17.0418	-75.65	0.949601	-0.562049	
1155	-17.0418	-75.65	-0.264605	-0.562049	
1156	-17.0418	-75.65	1.11882	-0.562049	
1157	-17.0418	-75.65	-0.997466	-0.562049	
1158	-17.0418	-75.65	1.30022	-0.562049	
1159	-17.0418	-75.65	-0.807748	-0.562049	
1160	-17.0418	-75.65	1.78367	-0.562049	
1161	-17.0418	-75.65	0.191066	-0.562049	
1162	-19.6262	-76.0533	-0.637776	-0.604824	
1163	-19.6262	-76.0533	2.32423	-0.604824	
1164	-19.6262	-76.0533	2.33484	-0.604824	
1165	-19.6262	-76.0533	1.61028	-0.604824	
1166	-19.6262	-76.0533	-0.789379	-0.604824	
1167	-19.6262	-76.0533	0.948972	-0.604824	
1168	-19.6262	-76.0533	1.1164	-0.604824	
1169	-19.6262	-76.0533	1.59604	-0.604824	
1170	-19.6262	-76.0533	1.6065	-0.604824	
1171	-19.6262	-76.0533	-0.786665	-0.604824	
1172	-19.6262	-76.0533	1.67128	-0.604824	
1173	-19.6262	-76.0533	0.62991	-0.604824	
1174	-19.6262	-76.0533	1.19337	-0.604824	
1175	-19.6262	-76.0533	1.19325	-0.604824	
1176	-19.6262	-76.0533	1.27781	-0.604824	
1177	-19.6262	-76.0533	1.2742	-0.604824	
1178	-19.6262	-76.0533	1.02515	-0.604824	
1179	-19.6262	-76.0533	1.48135	-0.604824	
1180	-19.6262	-76.0533	0.870932	-0.604824	
1181	-19.6262	-76.0533	2.20995	-0.604824	
1182	-19.6262	-76.0533	2.1326	-0.604824	
1183	-19.6262	-76.0533	0.747394	-0.604824	
1184	-19.6262	-76.0533	0.568802	-0.604824	
1185	-19.6262	-76.0533	0.697634	-0.604824	
1186	-19.6262	-76.0533	0.804161	-0.604824	
1187	-19.6262	-76.0533	2.02514	-0.604824	
1188	-19.6262	-76.0533	1.79008	-0.604824	
1189	-19.6262	-76.0533	1.41379	-0.604824	
1190	-19.6262	-76.0533	0.620256	-0.604824	
1191	-19.6262	-76.0533	1.41716	-0.604824	
1192	-22.1771	-75.8543	2.26458	-0.644203	
1193	-22.1771	-75.8543	2.53144	-0.644203	
1194	-22.1771	-75.8543	-0.687621	-0.644203	
1195	-22.1771	-75.8543	2.60853	-0.644203	
1196	-22.1771	-75.8543	1.14201	-0.644203	
1197	-22.1771	-75.8543	1.48603	-0.644203	
1198	-22.1771	-75.8543	2.55395	-0.644203	
1199	-22.1771	-75.8543	2.57811	-0.644203	
1200	-22.1771	-75.8543	1.47606	-0.644203	
1201	-22.1771	-75.8543	2.31147	-0.644203	
1202	-22.1771	-75.8543	2.21566	-0.644203	
1203	-22.1771	-75.8543	1.40041	-0.644203	
1204	-22.1771	-75.8543	1.26181	-0.644203	
1205	-22.1771	-75.8543	1.07964	-0.644203	
1206	-22.1771	-75.8543	1.55625	-0.644203	
1207	-22.1771	-75.8543	0.0658581	-0.644203	
1208	-22.1771	-75.8543	2.10827	-0.644203	
1209	-22.1771	-75.8543	1.00956	-0.644203	
1210	-22.1771	-75.8543	1.5485	-0.644203	
1211	-22.1771	-75.8543	1.53965	-0.644203	
1212	-22.1771	-75.8543	1.79896	-0.644203	
1213	-22.1771	-75.8543	-0.779805	-0.644203	
1214	-22.1771	-75.8543	0.411852	-0.644203	
1215	-22.1771	-75.8543	0.828641	-0.644203	
1216	-22.1771	-75.8543	0.72003	-0.644203	
1217	-22.1771	-75.8543	2.06577	-0.644203	
1218	-22.1771	-75.8543	0.346989	-0.644203	
1219	-22.1771	-75.8543	1.26628	-0.644203	
1220	-22.1771	-75.8543	0.478512	-0.644203	
1221	-22.1771	-75.8543	2.06222	-0.644203	
1222	-24.7433	-75.6156	3.02881	-0.665322	
1223	-24.7433	-75.6156	3.0924	-0.665322	
1224	-24.7433	-75.6156	2.75515	-0.665322	
1225	-24.7433	-75.6156	2.40266	-0.665322	
1226	-24.7433	-75.6156	-0.733018	-0.665322	
1227	-24.7433	-75.6156	0.606028	-0.665322	
1228	-24.7433	-75.6156	1.49774	-0.665322	
1229	-24.7433	-75.6156	1.74979	-0.665322	
1230	-24.7433	-75.6156	1.74926	-0.665322	
1231	-24.7433	-75.6156	1.33433	-0.665322	
1232	-24.7433	-75.6156	0.346006	-0.665322	
1233	-24.7433	-75.6156	2.3248	-0.665322	
1234	-24.7433	-75.6156	1.16209	-0.665322	
1235	-24.7433	-75.6156	-0.787881	-0.665322	
1236	-24.7433	-75.6156	2.3409	-0.665322	
1237	-24.7433	-75.6156	3.29791	-0.665322	
1238	-24.7433	-75.6156	-0.339064	-0.665322	
1239	-24.7433	-75.6156	0.796554	-0.665322	
1240	-24.7433	-75.6156	0.916427	-0.665322	
1241	-24.7433	-75.6156	1.5896	-0.665322	
1242	-24.7433	-75.6156	2.47407	-0.665322	
1243	-24.7433	-75.6156	2.15321	-0.665322	
1244	-24.7433	-75.6156	2.49633	-0.665322	
1245	-24.7433	-75.6156	1.53852	-0.665322	
1246	-24.7433	-75.6156	2.69401	-0.665322	
1247	-24.7433	-75.6156	0.280195	-0.665322	
1248	-24.7433	-75.6156	1.34473	-0.665322	
1249	-24.7433	-75.6156	1.00315	-0.665322	
1250	-24.7433	-75.6156	1.21327	-0.665322	
1251	-24.7433	-75.6156	0.217076	-0.665322	
1252	-27.5066	-75.8247	3.37332	-0.612564	
1253	-27.5066	-75.8247	-2.44072	-0.612564	
1254	-27.5066	-75.8247	3.50821	-0.612564	
1255	-27.5066	-75.8247	2.53779	-0.612564	
1256	-27.5066	-75.8247	3.0416	-0.612564	
1257	-27.5066	-75.8247	2.39782	-0.612564	
1258	-27.5066	-75.8247	3.10777	-0.612564	
1259	-27.5066	-75.8247	2.63525	-0.612564	
1260	-27.5066	-75.8247	-0.0488317	-0.612564	
1261	-27.5066	-75.8247	2.62852	-0.612564	
1262	-27.5066	-75.8247	3.35438	-0.612564	
1263	-27.5066	-75.8247	-0.317803	-0.612564	
1264	-27.5066	-75.8247	1.18768	-0.612564	
1265	-27.5066	-75.8247	3.45792	-0.612564	
1266	-27.5066	-75.8247	0.505486	-0.612564	
1267	-27.5066	-75.8247	3.40265	-0.612564	
1268	-27.5066	-75.8247	-0.270404	-0.612564	
1269	-27.5066	-75.8247	1.51054	-0.612564	
1270	-27.5066	-75.8247	1.06716	-0.612564	
1271	-27.5066	-75.8247	0.37063	-0.612564	
1272	-27.5066	-75.8247	3.40645	-0.612564	
1273	-27.5066	-75.8247	0.389156	-0.612564	
1274	-27.5066	-75.8247	-0.851689	-0.612564	
1275	-27.5066	-75.8247	2.97627	-0.612564	
1276	-27.5066	-75.8247	0.0280969	-0.612564	
1277	-27.5066	-75.8247	3.56806	-0.612564	
1278	-27.5066	-75.8247	1.51476	-0.612564	
1279	-27.5066	-75.8247	3.45096	-0.612564	
1280	-27.5066	-75.8247	2.48894	-0.612564	
1281	-27.5066	-75.8247	0.237479	-0.612564	
1282	-30.2872	-75.7241	-2.1678	-0.551527	
1283	-30.2872	-75.7241	-2.50764	-0.551527	
1284	-30.2872	-75.7241	-2.23994	-0.551527	
1285	-30.2872	-75.7241	-2.46927	-0.551527	
1286	-30.2872	-75.7241	0.750423	-0.551527	
1287	-30.2872	-75.7241	-2.3944	-0.551527	
1288	-30.2872	-75.7241	2.83661	-0.551527	
1289	-30.2872	-75.7241	-1.56781	-0.551527	
1290	-30.2872	-75.7241	-2.39026	-0.551527	
1291	-30.2872	-75.7241	-2.43368	-0.551527	
1292	-30.2872	-75.7241	0.191248	-0.551527	
1293	-30.2872	-75.7241	3.46119	-0.551527	
1294	-30.2872	-75.7241	-0.469932	-0.551527	
1295	-30.2872	-75.7241	-2.3885	-0.551527	
1296	-30.2872	-75.7241	1.14537	-0.551527	
1297	-30.2872	-75.7241	2.88608	-0.551527	
1298	-30.2872	-75.7241	-0.171864	-0.551527	
1299	-30.2872	-75.7241	-0.934029	-0.551527	
1300	-30.2872	-75.7241	-0.163547	-0.551527	
1301	-30.2872	-75.7241	3.63192	-0.551527	
1302	-30.2872	-75.7241	3.21011	-0.551527	
1303	-30.2872	-75.7241	0.716546	-0.551527	
1304	-30.2872	-75.7241	3.46639	-0.551527	
1305	-30.2872	-75.7241	-0.04542	-0.551527	
1306	-30.2872	-75.7241	-1.52621	-0.551527	
1307	-30.2872	-75.7241	1.22836	-0.551527	
1308	-30.2872	-75.7241	-2.00208	-0.551527	
1309	-30.2872	-75.7241	0.787203	-0.551527	
1310	-30.2872	-75.7241	0.825808	-0.551527	
1311	-30.2872	-75.7241	0.705888	-0.551527	
1312	-32.626	-76.278	-1.96979	-0.556164	
1313	-32.626	-76.278	-2.14572	-0.556164	
1314	-32.626	-76.278	-1.9109	-0.556164	
1315	-32.626	-76.278	-2.00872	-0.556164	
1316	-32.626	-76.278	0.361372	-0.556164	
1317	-32.626	-76.278	-2.06064	-0.556164	
1318	-32.626	-76.278	0.362263	-0.556164	
1319	-32.626	-76.278	-1.79357	-0.556164	
1320	-32.626	-76.278	3.58488	-0.556164	
1321	-32.626	-76.278	-2.19829	-0.556164	
1322	-32.626	-76.278	-2.21081	-0.556164	
1323	-32.626	-76.278	-1.90999	-0.556164	
1324	-32.626	-76.278	-1.84042	-0.556164	
1325	-32.626	-76.278	-2.09551	-0.556164	
1326	-32.626	-76.278	-1.90504	-0.556164	
1327	-32.626	-76.278	0.63435	-0.556164	
1328	-32.626	-76.278	-1.79235	-0.556164	
1329	-32.626	-76.278	0.357869	-0.556164	
1330	-32.626	-76.278	0.964049	-0.556164	
1331	-32.626	-76.278	0.0241133	-0.556164	
1332	-32.626	-76.278	-1.95571	-0.556164	
1333	-32.626	-76.278	-0.614618	-0.556164	
1334	-32.626	-76.278	0.553037	-0.556164	
1335	-32.626	-76.278	0.968294	-0.556164	
1336	-32.626	-76.278	0.311864	-0.556164	
1337	-32.626	-76.278	0.284478	-0.556164	
1338	-32.626	-76.278	-0.249238	-0.556164	
1339	-32.626	-76.278	-1.25226	-0.556164	
1340	-32.626	-76.278	0.322306	-0.556164	
1341	-32.626	-76.278	-2.43365	-0.556164	
1342	-34.8557	-76.2776	0.0482014	-0.568272	
1343	-34.8557	-76.2776	0.0936438	-0.568272	
1344	-34.8557	-76.2776	-1.54905	-0.568272	
1345	-34.8557	-76.2776	-1.9212	-0.568272	
1346	-34.8557	-76.2776	-1.84697	-0.568272	
1347	-34.8557	-76.2776	-0.222859	-0.568272	
1348	-34.8557	-76.2776	-0.853672	-0.568272	
1349	-34.8557	-76.2776	-1.71823	-0.568272	
1350	-34.8557	-76.2776	0.83104	-0.568272	
1351	-34.8557	-76.2776	-1.28157	-0.568272	
1352	-34.8557	-76.2776	-1.27485	-0.568272	
1353	-34.8557	-76.2776	-1.17178	-0.568272	
1354	-34.8557	-76.2776	-1.96702	-0.568272	
1355	-34.8557	-76.2776	-0.26506	-0.568272	
1356	-34.8557	-76.2776	-1.87538	-0.568272	
1357	-34.8557	-76.2776	0.864198	-0.568272	
1358	-34.8557	-76.2776	-0.109945	-0.568272	
1359	-34.8557	-76.2776	-1.67884	-0.568272	
1360	-34.8557	-76.2776	-0.0013369	-0.568272	
1361	-34.8557	-76.2776	-1.6657	-0.568272	
1362	-34.8557	-76.2776	-1.65121	-0.568272	
1363	-34.8557	-76.2776	0.130809	-0.568272	
1364	-34.8557	-76.2776	-0.0107343	-0.568272	
1365	-34.8557	-76.2776	-0.919967	-0.568272	
1366	-34.8557	-76.2776	-1.26991	-0.568272	
1367	-34.8557	-76.2776	-1.78867	-0.568272	
1368	-34.8557	-76.2776	-2.08063	-0.568272	
1369	-34.8557	-76.2776	0.123069	-0.568272	
1370	-34.8557	-76.2776	-1.22675	-0.568272	
1371	-34.8557	-76.2776	-0.348307	-0.568272	
