﻿Theo,Norden,Mühle,Sand-Weiher,Unterkaierb.,Kaierberg,Thürnhofen,Oberahorn,Unterahorn,Aichau,
Mühle,0,,84,164,198,254,270,264,346,
Oberahorn,8,110,112,126,146,224,,114,48,
Unterahorn,330,72,80,108,136,230,286,,40,
,,,,,,,,,,
Jakob,Norden,Mühle,Sand-Weiher,Unterkaierb.,Kaierberg,Thürnhofen,Oberahorn,Unterahorn,Aichau,
Mühle,0,,80,170,192,244,270,270,330,
Oberahorn,18,118,117,136,172,194,,124,76,
Unterahorn,350,70,68,110,137,226,278,,39,
,,,,,,,,,,
Ronja,Norden,Mühle,Sand-Weiher,Unterkaierb.,Kaierberg,Thürnhofen,Oberahorn,Unterahorn,Aichau,
Mühle,0,,81,117,175,233,267,288,327,
Oberahorn,357,110,107,116,115,142,,119,59,
Unterahorn,334,78,74,87,112,203,278,,42,
,,,,,,,,,,
Helmut,Norden,Mühle,Sand-Weiher,Unterkaierb.,Kaierberg,Thürnhofen,Oberahorn,Unterahorn,Aichau,
Mühle,0,,82,162,197,248,256,260,341,
Oberahorn,90,102,96,148,182,250,,129,70,
Unterahorn,0,82,80,110,174,238,279,,44,
,,,,,,,,,,
Leia,Norden,Mühle,Sand-Weiher,Unterkaierb.,Kaierberg,Thürnhofen,Oberahorn,Unterahorn,Aichau,
Mühle,0,,88,162,170,264,278,268,340,
Oberahorn,42,130,126,142,150,222,,132,30,
Unterahorn,342,76,82,110,138,210,276,,46,
,,,,,,,,,,
Birgit,Norden,Mühle,Sand-Weiher,Unterkaierb.,Kaierberg,Thürnhofen,Oberahorn,Unterahorn,Aichau,
Mühle,0,,77,154,196,244,274,282,350,
Oberahorn,4,116,98,132,150,210,,114,44,
Unterahorn,356,78,65,117,150,208,277,,33,
